{"cameraMode":{"drawMode":0,"name":"Shaded","section":"Shading Mode"},"sceneLighting":true,"audioPlay":false,"sceneViewState":{"showFog":true,"showMaterialUpdate":false,"showSkybox":true,"showFlares":true,"showImageEffects":true,"showParticleSystems":true},"in2DMode":false,"pivot":{"x":0.060617148876190189,"y":-0.15860173106193543,"z":0.1298227310180664},"rotation":{"x":-0.15313512086868287,"y":-0.7154799103736877,"z":0.16547028720378877,"w":-0.6613202691078186},"size":1.4225566387176514,"orthographic":false}