{"cameraMode":{"drawMode":0,"name":"Shaded","section":"Shading Mode"},"sceneLighting":true,"audioPlay":false,"sceneViewState":{"showFog":true,"showMaterialUpdate":false,"showSkybox":true,"showFlares":true,"showImageEffects":true,"showParticleSystems":true},"in2DMode":false,"pivot":{"x":16.167312622070314,"y":-6.687727928161621,"z":-0.8204391002655029},"rotation":{"x":0.13240644335746766,"y":0.7004554271697998,"z":-0.13454857468605042,"w":0.6883463859558106},"size":20.947763442993165,"orthographic":false}