{"cameraMode":{"drawMode":0,"name":"Shaded","section":"Shading Mode"},"sceneLighting":true,"audioPlay":false,"sceneViewState":{"showFog":false,"showMaterialUpdate":false,"showSkybox":false,"showFlares":false,"showImageEffects":false,"showParticleSystems":false},"in2DMode":false,"pivot":{"x":7.887020111083984,"y":-14.071958541870118,"z":10.67811393737793},"rotation":{"x":-0.08848385512828827,"y":0.8857775330543518,"z":-0.18908452987670899,"w":-0.41451960802078249},"size":86.45667266845703,"orthographic":false}