{"cameraMode":{"drawMode":0,"name":"Shaded","section":"Shading Mode"},"sceneLighting":true,"audioPlay":false,"sceneViewState":{"showFog":false,"showMaterialUpdate":false,"showSkybox":false,"showFlares":false,"showImageEffects":false,"showParticleSystems":false},"in2DMode":false,"pivot":{"x":12.284561157226563,"y":-12.317010879516602,"z":-5.182916641235352},"rotation":{"x":0.20016078650951386,"y":0.7682591676712036,"z":-0.28682053089141848,"w":0.5361543893814087},"size":21.881959915161134,"orthographic":false}