{"cameraMode":{"drawMode":0,"name":"Shaded","section":"Shading Mode"},"sceneLighting":true,"audioPlay":false,"sceneViewState":{"showFog":false,"showMaterialUpdate":false,"showSkybox":false,"showFlares":false,"showImageEffects":false,"showParticleSystems":false},"in2DMode":false,"pivot":{"x":-0.9464683532714844,"y":119.61639404296875,"z":12.636922836303711},"rotation":{"x":0.021201716735959054,"y":0.8601855635643005,"z":0.03588302806019783,"w":-0.5082803964614868},"size":40.06247329711914,"orthographic":false}