{"cameraMode":{"drawMode":0,"name":"Shaded","section":"Shading Mode"},"sceneLighting":true,"audioPlay":false,"sceneViewState":{"showFog":false,"showMaterialUpdate":false,"showSkybox":false,"showFlares":false,"showImageEffects":false,"showParticleSystems":false},"in2DMode":false,"pivot":{"x":-36.376922607421878,"y":-46.5614013671875,"z":15.910133361816407},"rotation":{"x":-0.2408977448940277,"y":0.7253975868225098,"z":-0.30867016315460207,"w":-0.5661282539367676},"size":349.1632080078125,"orthographic":false}