{"cameraMode":{"drawMode":0,"name":"Shaded","section":"Shading Mode"},"sceneLighting":true,"audioPlay":false,"sceneViewState":{"showFog":false,"showMaterialUpdate":false,"showSkybox":false,"showFlares":false,"showImageEffects":false,"showParticleSystems":false},"in2DMode":false,"pivot":{"x":-0.19864261150360108,"y":0.013399839401245118,"z":0.1963045597076416},"rotation":{"x":-0.0896337628364563,"y":0.8958850502967835,"z":-0.21100355684757234,"w":-0.3805696964263916},"size":17.188234329223634,"orthographic":false}