{"cameraMode":{"drawMode":0,"name":"Shaded","section":"Shading Mode"},"sceneLighting":true,"audioPlay":false,"sceneViewState":{"showFog":false,"showMaterialUpdate":false,"showSkybox":false,"showFlares":false,"showImageEffects":false,"showParticleSystems":false},"in2DMode":false,"pivot":{"x":-8.671440124511719,"y":-12.410511016845704,"z":17.903717041015626},"rotation":{"x":-0.0896337628364563,"y":0.8958850502967835,"z":-0.21100355684757234,"w":-0.3805696964263916},"size":154.4036407470703,"orthographic":false}