{"cameraMode":{"drawMode":0,"name":"Shaded","section":"Shading Mode"},"sceneLighting":true,"audioPlay":false,"sceneViewState":{"showFog":false,"showMaterialUpdate":false,"showSkybox":false,"showFlares":false,"showImageEffects":false,"showParticleSystems":false},"in2DMode":false,"pivot":{"x":-1.758835792541504,"y":-4.647963523864746,"z":0.7662467956542969},"rotation":{"x":-0.24226494133472444,"y":0.7450253963470459,"z":-0.5116811394691467,"w":-0.35274767875671389},"size":9.628924369812012,"orthographic":false}