{"cameraMode":{"drawMode":0,"name":"Shaded","section":"Shading Mode"},"sceneLighting":true,"audioPlay":false,"sceneViewState":{"showFog":false,"showMaterialUpdate":false,"showSkybox":false,"showFlares":false,"showImageEffects":false,"showParticleSystems":false},"in2DMode":false,"pivot":{"x":-0.42259931564331057,"y":0.12202835083007813,"z":0.3394947052001953},"rotation":{"x":-0.08748786896467209,"y":0.8990306258201599,"z":-0.2103215456008911,"w":-0.3739715814590454},"size":12.410927772521973,"orthographic":false}