{"cameraMode":{"drawMode":0,"name":"Shaded","section":"Shading Mode"},"sceneLighting":true,"audioPlay":false,"sceneViewState":{"showFog":false,"showMaterialUpdate":false,"showSkybox":false,"showFlares":false,"showImageEffects":false,"showParticleSystems":false},"in2DMode":false,"pivot":{"x":3.015564441680908,"y":0.2152266502380371,"z":-3.281334161758423},"rotation":{"x":-0.0896337628364563,"y":0.8958850502967835,"z":-0.21100355684757234,"w":-0.3805696964263916},"size":7.256661415100098,"orthographic":false}