{"cameraMode":{"drawMode":0,"name":"Shaded","section":"Shading Mode"},"sceneLighting":true,"audioPlay":false,"sceneViewState":{"showFog":false,"showMaterialUpdate":false,"showSkybox":false,"showFlares":false,"showImageEffects":false,"showParticleSystems":false},"in2DMode":false,"pivot":{"x":-1.488201379776001,"y":-1.7170451879501343,"z":1.4764273166656495},"rotation":{"x":-0.290515273809433,"y":0.5080499649047852,"z":-0.1870720237493515,"w":-0.7889811396598816},"size":5.186836242675781,"orthographic":false}