{"cameraMode":{"drawMode":0,"name":"Shaded","section":"Shading Mode"},"sceneLighting":true,"audioPlay":false,"sceneViewState":{"showFog":false,"showMaterialUpdate":false,"showSkybox":false,"showFlares":false,"showImageEffects":false,"showParticleSystems":false},"in2DMode":false,"pivot":{"x":0.3940712511539459,"y":-0.5984578132629395,"z":0.023750461637973787},"rotation":{"x":-0.08748786896467209,"y":0.8990306258201599,"z":-0.2103215456008911,"w":-0.3739715814590454},"size":16.61634063720703,"orthographic":false}